{
  "storeHouse": [
      
     {
      "sourceName": "🌹欧歌主仓库🌹",
      "sourceUrl": "http://tv.nxog.top/nxog/ou1.php?sourceUrl=http://tv.nxog.top&b=欧歌"
    },
    {
      "sourceName": "🌷欧歌备m仓库🌷",
      "sourceUrl": "http://m.nxog.top/nxog/ou1.php?sourceUrl=http://m.nxog.top&b=欧歌"
    },
    {
      "sourceName": "💐欧歌测试N仓库💐",
      "sourceUrl": "http://1.nxog.top/nxog/ou1.php?sourceUrl=http://1.nxog.top&xl=2&b=欧歌"
    },
      {
     "sourceName": "🍭环宇轩4k🍭蓝色影视仓库💚",
      "sourceUrl": "http://www.891218.xyz/jk/hyxuan2.json"
    },
    {
      "sourceName": "🎯壹梦影视🎯蓝色影视仓库💚",
      "sourceUrl": "http://qrh.yimkj.cn/ym/壹梦.json"
    },
    {
      "sourceName": "青木影视🌲~蓝色影视仓库💚",
      "sourceUrl": "https://jihulab.com/gta6664/z/-/raw/main/14.json"
    },
    {
      "sourceName": "冉神影视~蓝色影视仓库💚",
      "sourceUrl": "https://download.kstore.space/download/5242/冉神.json"
    },
    {
      "sourceName": "🍵荷城茶秀🍵蓝色影视仓库💚",
      "sourceUrl": "http://rihou.vip:88/荷城茶秀"
    },
    {
      "sourceName": "💕恒星影视💕蓝色影视仓库💚",
      "sourceUrl": "https://codeberg.org/hengxing/hx/raw/branch/main/1031hxzx.txt"
    },
    {
      "sourceName": "🛰️天微影视🛰️蓝色影视仓库💚",
      "sourceUrl": "http://tvkj.top/tw/api.json"
    },
    {
      "sourceName": "🐼熊猫影视🐼蓝色影视仓库💚",
      "sourceUrl": "https://gh-proxy.com/https://raw.githubusercontent.com/xmbjm/xmbjm/main/xmbjm.json"
    },
    {
      "sourceName": "🔥火影影视🔥蓝色影视仓库💚",
      "sourceUrl": "http://jar.lingutv.cn/tvbox/yw/yw.json"
    },
    {
      "sourceName": "🕵️柯南影视🕵️蓝色影视仓库💚",
      "sourceUrl": "https://codeberg.org/wert/1/raw/branch/main/%E6%9F%AF%E5%8D%97%E5%BD%B1%E8%A7%86.json"
    },
    {
      "sourceName": "🍚饭太硬",
      "sourceUrl": "http://饭太硬.top/tv"
    },
    {
      "sourceName": "🐼肥猫",
      "sourceUrl": "http://我不是.肥猫.love:63/接口禁止贩卖"
    },
    {
      "sourceName": "💝高天流云",
      "sourceUrl": "https://ghproxy.com/raw.githubusercontent.com/gaotianliuyun/gao/master/js.json"
    },
    {
      "sourceName": "💝爱TV吧",
      "sourceUrl": "http://tt.58cxz.com/001.json"
    },
    {
      "sourceName": "🍃吾爱",
      "sourceUrl": "http://52bsj.vip:98/wuai"
    },
    {
      "sourceName": "💞多多",
      "sourceUrl": "https://yydsys.top/duo"
    },
    {
      "sourceName": "🌙月光宝盒",
      "sourceUrl": "http://52bsj.vip:98/cl"
    },
    {
      "sourceName": "🎬影探",
      "sourceUrl": "http://www.lyyytv.cn/yt/yt.json"
    },
    {
      "sourceName": "💠欧歌",
      "sourceUrl": "http://tv.nxog.top/m/111.php?ou=公众号欧歌app&mz=index2&jar=index2&123&b=欧歌"
    },
    {
      "sourceName": "🛡大卫",
      "sourceUrl": "https://xhdwc.tk/0"
    },
    {
      "sourceName": "💮巴不巴拉",
      "sourceUrl": "https://bjson.cf/balabala"
    },
    {
      "sourceName": "🌼菜妮丝",
      "sourceUrl": "https://tvbox.cainisi.cf"
    },
    {
      "sourceName": "🌷荷城茶秀",
      "sourceUrl": "http://rihou.vip:88/荷城茶秀"
    },
    {
      "sourceName": "🌷荷城茶秀2",
      "sourceUrl": "http://rihou.vip:99/荷城茶秀"
    },
    {
      "sourceName": "🐯catbox",
      "sourceUrl": "https://agit.ai/ddx/TVBox/raw/branch/master/catbox.json"
    },
    {
      "sourceName": "🍀俊宇",
      "sourceUrl": "http://home.jundie.top:81/top98.json"
    },
    {
      "sourceName": "🎞️影迷",
      "sourceUrl": "https://jihulab.com/clear1/yingmi/-/raw/main/xh.txt"
    },
    {
      "sourceName": "✳️小米",
      "sourceUrl": "http://xhww.fun:63/小米/DEMO.json"
    },
    {
      "sourceName": "🌼dxawi",
      "sourceUrl": "http://dxawi.github.io/0/0.json"
    },
    {
      "sourceName": "👹不良帅",
      "sourceUrl": "https://notabug.org/qizhen15800/My9394/raw/master/ProfessionalEdition.m3u8"
    },
    {
      "sourceName": "✨元兴",
      "sourceUrl": "https://freed.yuanhsing.cf/TVBox/meowcf.json"
    },
    {
      "sourceName": "🐱猫爪",
      "sourceUrl": "https://codeberg.org/AK47/drpy-js/raw/branch/main/js.json"
    },
    {
      "sourceName": "🐶二哈",
      "sourceUrl": "https://codeberg.org/jgfx/2hacc/raw/branch/main/tvbox.json"
    },
    {
      "sourceName": "👻魔改",
      "sourceUrl": "https://download.kstore.space/download/2883/m3u8/dsj/guochan/mp1/1.m3u8"
    },
    {
      "sourceName": "🅰️ABC",
      "sourceUrl": "https://agit.ai/n/b/raw/branch/a/b/c.json"
    },
    {
      "sourceName": "🐈猫技",
      "sourceUrl": "https://m.n13.club/"
    },
    {
      "sourceName": "📽️catvod",
      "sourceUrl": "https://agit.ai/ddx/TVBox/raw/branch/master/t4.json"
    },
    {
      "sourceName": "🐥胖鸭",
      "sourceUrl": "https://agit.ai/cyl518/yl/raw/branch/master/pytv.json"
    },
    {
      "sourceName": "🐯于氏",
      "sourceUrl": "https://agit.ai/sejinan/app/raw/branch/box/yu"
    },
    {
      "sourceName": "🌪南风",
      "sourceUrl": "https://agit.ai/Yoursmile7/TVBox/raw/branch/master/XC.json"
    },
    {
      "sourceName": "💖恋影",
      "sourceUrl": "https://www.lianyingtv.com/fast/fast"
    },
    {
      "sourceName": "🌟星辰",
      "sourceUrl": "http://8.210.232.168/xc.json"
    },
    {
      "sourceName": "🕵️道长",
      "sourceUrl": "https://pastebin.com/raw/5NHaxyGR"
    },
    {
      "sourceName": "🤖阿里精品",
      "sourceUrl": "https://yydsys.top/duo/ali"
    },
    {
      "sourceName": "🐎小马",
      "sourceUrl": "https://szyyds.cn/tv/x.json"
    },
    {
      "sourceName": "💝OwenTV",
      "sourceUrl": "https://jihulab.com/owen2000wy/owentv/-/raw/main/OwenTV.json"
    },
    {
      "sourceName": "👭人人",
      "sourceUrl": "https://agit.ai/376242575/zzh/raw/branch/master/txt/影视.txt"
    },
    {
      "sourceName": "💧杂七杂八",
      "sourceUrl": "https://la.kstore.space/download/3092/ff.json"
    }
   },
   {
      "sourceName": "家庭版升级",
      "sourceUrl": "http://itvbox.cc/tvbox/云星日记/1.m3u8"
    },
    {
      "sourceName": "哔哩大套餐",
      "sourceUrl": "http://itvbox.cc/tvbox/云星日记/ali.m3u8"
    },
    {
      "sourceName": "阿里大套餐",
      "sourceUrl": "http://itvbox.cc/tvbox/云星日记/ali.m3u8"
    },
    {
      "sourceName": "公众号吾爱有三日月与卿",
      "sourceUrl": "http://52bsj.vip:81/api/v3/file/get/67776/1.json?sign=Suz6jqs5w4g4FFTohPyWDC82QQdpOkbs8UN4OR9QJsI%3D%3A0"
     },
     {
      "sourceName": "🌹白嫖小蚂蚁主仓库🌹",
      "sourceUrl": "http://tv.nxog.top/nxog/ou1.php?sourceUrl=http://tv.nxog.top&b=白嫖小蚂蚁"
    },
    {
      "sourceName": "🌷白嫖小蚂蚁备m仓库🌷",
      "sourceUrl": "http://m.nxog.top/nxog/ou1.php?sourceUrl=http://m.nxog.top&xl=1&b=白嫖小蚂蚁"
    },
    {
      "sourceName": "💐白嫖小蚂蚁测试N仓库💐",
      "sourceUrl": "http://5.nxog.top/nxog/ou1.php?sourceUrl=http://5.nxog.top&xl=2&b=白嫖小蚂蚁"
    },
    {
      "sourceName": "☘️本地仓库☘️",
      "sourceUrl": "http://tv.nxog.top/nxog/bd.php?b=白嫖小蚂蚁"
     },
     {
      "sourceName": "🆑tbill",
      "sourceUrl": "https://raw.githubusercontent.com/tombills/mybox/main/adult.json"
    },
    {
      "sourceName": "🆎Fengmi",
      "sourceUrl": "https://raw.githubusercontent.com/FongMi/CatVodSpider/main/json/adult.json"
    }
  ]
}
