{
  "spider": "https://fm.t4tv.hz.cz/jar/custom_spider.jar;md5;1117603a248d03a2fba94c991612970f",
  "wallpaper": "https://gao.chuqiuyu.tk",
  "sites": [
    {
      "key": "泥巴",
      "name": "泥巴",
      "type": 3,
      "api": "csp_NiNi",
      "searchable": 1,
      "ext": "1"
    },
    {
      "key": "量子",
      "name": "量子",
      "type": 0,
      "api": "https://cj.lziapi.com/api.php/provide/vod/at/xml/",
      "searchable": 1,
      "changeable": 1,
      "categories": [
        "伦理片"
      ]
    },
    {
      "key": "非凡",
      "name": "非凡",
      "type": 0,
      "api": "http://cj.ffzyapi.com/api.php/provide/vod/at/xml/",
      "searchable": 1,
      "changeable": 1,
      "categories": [
        "伦理片"
      ]
    },
    {
      "key": "玩偶",
      "name": "玩偶",
      "type": 3,
      "api": "csp_Doll",
      "searchable": 1,
      "recordable": 0,
      "style": {
        "type": "rect",
        "ratio": 1.309
      }
    },
    {
      "key": "18AV",
      "name": "18AV",
      "type": 3,
      "api": "csp_Eighteen",
      "searchable": 1,
      "recordable": 0,
      "style": {
        "type": "rect",
        "ratio": 1.485
      }
    },
    {
      "key": "18A貓",
      "name": "18A貓",
      "type": 3,
      "api": "https://mirror.ghproxy.com/https://raw.githubusercontent.com/FongMi/CatVodOpen/main/open/18a_open.js",
      "searchable": 1,
      "recordable": 0,
      "style": {
        "type": "rect",
        "ratio": 1.485
      }
    },
    {
      "key": "Jable",
      "name": "Jable",
      "type": 3,
      "api": "csp_Jable",
      "searchable": 1,
      "recordable": 0,
      "style": {
        "type": "rect",
        "ratio": 1.77
      }
    },
    {
      "key": "MissAV",
      "name": "MissAV",
      "type": 3,
      "api": "csp_Miss",
      "searchable": 1,
      "recordable": 0,
      "style": {
        "type": "rect",
        "ratio": 1.78
      }
    },
    {
      "key": "Hanime",
      "name": "Hanime",
      "type": 3,
      "api": "csp_Hanime",
      "searchable": 1,
      "recordable": 0,
      "style": {
        "type": "rect",
        "ratio": 0.68
      }
    },
    {
      "key": "apilj.com",
      "name": "成人01",
      "type": 1,
      "api": "http://apilj.com/api.php/provide/vod/at/json/",
      "searchable": 1,
      "recordable": 0,
      "style": {
        "type": "rect",
        "ratio": 1.33
      }
    },
    {
      "key": "dadiapi.com",
      "name": "成人02",
      "type": 0,
      "api": "http://dadiapi.com/api.php",
      "searchable": 1,
      "recordable": 0,
      "style": {
        "type": "rect",
        "ratio": 1.33
      }
    },
    {
      "key": "91md.me",
      "name": "成人03",
      "type": 1,
      "api": "http://91md.me/api.php/provide/vod/",
      "searchable": 1,
      "recordable": 0,
      "style": {
        "type": "rect",
        "ratio": 1.33
      }
    },
    {
      "key": "jcspcj8.com",
      "name": "成人04",
      "type": 0,
      "api": "http://jcspcj8.com/api?ac=videolist",
      "searchable": 1,
      "recordable": 0,
      "style": {
        "type": "rect",
        "ratio": 1.33
      }
    },
    {
      "key": "bttcj.com",
      "name": "成人05",
      "type": 0,
      "api": "http://bttcj.com/inc/sapi.php",
      "searchable": 1,
      "recordable": 0,
      "style": {
        "type": "rect",
        "ratio": 1.33
      }
    },
    {
      "key": "cjmygzy.com",
      "name": "成人06",
      "type": 0,
      "api": "http://cjmygzy.com/inc/sapi.php?ac=videolist",
      "searchable": 1,
      "recordable": 0,
      "style": {
        "type": "rect",
        "ratio": 1.33
      }
    },
    {
      "key": "api.sexnguon.com",
      "name": "成人07",
      "type": 1,
      "api": "http://api.sexnguon.com/api.php/provide/vod/",
      "searchable": 1,
      "recordable": 0,
      "style": {
        "type": "rect",
        "ratio": 1.33
      }
    },
    {
      "key": "feifei67.com",
      "name": "成人08",
      "type": 1,
      "api": "http://www.feifei67.com/api.php/provide/vod/",
      "searchable": 1,
      "recordable": 0,
      "style": {
        "type": "rect",
        "ratio": 1.33
      }
    },
    {
      "key": "llzxcj.com",
      "name": "成人09",
      "type": 0,
      "api": "http://llzxcj.com/inc/sck.php?ac=videolist",
      "searchable": 1,
      "recordable": 0,
      "style": {
        "type": "rect",
        "ratio": 1.33
      }
    },
    {
      "key": "f2dcj6.com",
      "name": "成人10",
      "type": 0,
      "api": "http://f2dcj6.com/sapi?ac=videolist",
      "searchable": 1,
      "recordable": 0,
      "style": {
        "type": "rect",
        "ratio": 1.33
      }
    },
    {
      "key": "ggmmzy.com",
      "name": "成人11",
      "type": 0,
      "api": "http://www.ggmmzy.com:9999/inc/xml",
      "searchable": 1,
      "recordable": 0,
      "style": {
        "type": "rect",
        "ratio": 1.33
      }
    },
    {
      "key": "fhapi9.com",
      "name": "成人12",
      "type": 1,
      "api": "http://fhapi9.com/api.php/provide/vod/",
      "searchable": 1,
      "recordable": 0,
      "style": {
        "type": "rect",
        "ratio": 1.33
      }
    },
    {
      "key": "madouse.la",
      "name": "成人13",
      "type": 1,
      "api": "http://madouse.la/api.php/provide/vod/",
      "searchable": 1,
      "recordable": 0,
      "style": {
        "type": "rect",
        "ratio": 1.33
      }
    },
    {
      "key": "lbapiby.com",
      "name": "成人14",
      "type": 0,
      "api": "http://lbapiby.com/api.php/provide/vod/at/xml",
      "searchable": 1,
      "recordable": 0,
      "style": {
        "type": "rect",
        "ratio": 1.33
      }
    },
    {
      "key": "api.maozyapi.com",
      "name": "成人15",
      "type": 1,
      "api": "https://api.maozyapi.com/inc/apijson_vod.php",
      "searchable": 1,
      "recordable": 0,
      "style": {
        "type": "rect",
        "ratio": 1.33
      }
    },
    {
      "key": "msnii.com",
      "name": "成人16",
      "type": 0,
      "api": "https://www.msnii.com/api/xml.php",
      "searchable": 1,
      "recordable": 0,
      "style": {
        "type": "rect",
        "ratio": 1.33
      }
    },
    {
      "key": "gdlsp.com",
      "name": "成人17",
      "type": 0,
      "api": "https://www.gdlsp.com/api/xml.php",
      "searchable": 1,
      "recordable": 0,
      "style": {
        "type": "rect",
        "ratio": 1.33
      }
    },
    {
      "key": "caiji.huakuiapi.com",
      "name": "成人18",
      "type": 1,
      "api": "https://caiji.huakuiapi.com/inc/apijson_vod.php",
      "searchable": 1,
      "recordable": 0,
      "style": {
        "type": "rect",
        "ratio": 1.33
      }
    },
    {
      "key": "kxgav.com",
      "name": "成人19",
      "type": 0,
      "api": "https://www.kxgav.com/api/xml.php",
      "searchable": 1,
      "recordable": 0,
      "style": {
        "type": "rect",
        "ratio": 1.33
      }
    },
    {
      "key": "xrbsp.com",
      "name": "成人20",
      "type": 0,
      "api": "https://www.xrbsp.com/api/xml.php",
      "searchable": 1,
      "recordable": 0,
      "style": {
        "type": "rect",
        "ratio": 1.33
      }
    },
    {
      "key": "pgxdy.com",
      "name": "成人21",
      "type": 0,
      "api": "https://www.pgxdy.com/api/xml.php",
      "searchable": 1,
      "recordable": 0,
      "style": {
        "type": "rect",
        "ratio": 1.33
      }
    },
    {
      "key": "afasu.com",
      "name": "成人22",
      "type": 0,
      "api": "https://www.afasu.com/api/xml.php",
      "searchable": 1,
      "recordable": 0,
      "style": {
        "type": "rect",
        "ratio": 1.33
      }
    },
    {
      "key": "kkzy.me",
      "name": "成人23",
      "type": 1,
      "api": "https://kkzy.me/api.php/provide/vod/",
      "searchable": 1,
      "recordable": 0,
      "style": {
        "type": "rect",
        "ratio": 1.33
      }
    },
    {
      "key": "888dav.com",
      "name": "成人24",
      "type": 1,
      "api": "https://www.888dav.com/api.php/provide/vod/",
      "searchable": 1,
      "recordable": 0,
      "style": {
        "type": "rect",
        "ratio": 1.33
      }
    },
    {
      "key": "apittzy.com",
      "name": "成人25",
      "type": 1,
      "api": "https://apittzy.com/api.php/provide/vod/",
      "searchable": 1,
      "recordable": 0,
      "style": {
        "type": "rect",
        "ratio": 1.33
      }
    },
    {
      "key": "lbapi9.com",
      "name": "成人26",
      "type": 1,
      "api": "https://lbapi9.com/api.php/provide/vod/",
      "searchable": 1,
      "recordable": 0,
      "style": {
        "type": "rect",
        "ratio": 1.33
      }
    },
    {
      "key": "push_agent",
      "name": "推送",
      "type": 3,
      "api": "csp_Push",
      "searchable": 1,
      "changeable": 0
    }
  ],
  "rules": [
    {
      "name": "量子廣告",
      "hosts": [
        "vip.lz",
        "hd.lz"
      ],
      "regex": [
        "#EXT-X-DISCONTINUITY\\r*\\n*#EXTINF:6.433333,[\\s\\S]*?#EXT-X-DISCONTINUITY",
        "#EXTINF.*?\\s+.*?1o.*?\\.ts\\s+"
      ]
    },
    {
      "name": "非凡廣告",
      "hosts": [
        "vip.ffzy",
        "hd.ffzy"
      ],
      "regex": [
        "#EXT-X-DISCONTINUITY\\r*\\n*#EXTINF:6.666667,[\\s\\S]*?#EXT-X-DISCONTINUITY",
        "#EXTINF.*?\\s+.*?1o.*?\\.ts\\s+"
      ]
    }
  ]
}
